foodname,foodcategory,city,materials,description
karnıyarık,"Türk Mutfağı – Ana Yemek",Istanbul,"patlıcan,biber,soğan,domates","Önce patlıcanlar yıkandıktan sonra sap kısmından hafifçe delinip kızgın yağda dışı çıtırlaşana kadar kızartılır. Ayrı bir tavada ince doğranmış soğan, biber ve domates zeytinyağında kavrulur; tuz ve baharatlarla tatlandırılır. Kızarmış patlıcanların içi hafifçe oyularak hazırlanan harç doldurulur, fırına verilip malzemelerin birbirine iyice karışması sağlanır. Servis öncesinde sıcak olarak sunulur."
mantı,"Türk Mutfağı – Mantı",Kayseri,"un,yumurta,et,soğan,yoğurt,sarımsak","Hamur, un ve yumurta karışımı ile incecik açılır ve küçük kareler halinde kesilir. İç harç olarak, ince kıyılmış et ve soğan, tuz ve karabiber ile harmanlanır. Hamurun ortasına yerleştirilen harç, bohça şeklinde kapatılır. Bol su dolu tencerede haşlanıp, süzülerek sarımsaklı yoğurt ve eritilmiş tereyağı ile servis edilir."
pizza,"İtalyan Mutfağı",Napoli,"hamur,peynir,domates,pepperoni","Hamur yoğrulur ve mayalanması için dinlendirilir, ardından ince bir şekilde açılır. Üzerine taze domates sosu, rendelenmiş mozzarella ve dilimlenmiş pepperoni yerleştirilir. Yüksek sıcaklıkta fırında kısa sürede pişirilir; kenarları çıtır, ortası yumuşak kalır. Fırından çıkar çıkmaz sıcak olarak servis edilir."
salata,"Türk Mutfağı – Salata",Istanbul,"marul,domates,salatalık,zeytinyağı","Taze marul yaprakları, domates ve salatalık iyice yıkanır ve iri parçalar halinde doğranır. Ayrı bir kapta zeytinyağı, limon suyu, tuz ve karabiber karıştırılarak sos hazırlanır. Sebzeler bu sos ile nazikçe harmanlanır. Servis tabağına alınarak soğuk olarak sunulur."
çorba,"Türk Mutfağı – Çorba",Istanbul,"tavuk,sebze,makarna","Kemikli tavuk ve mevsim sebzeleri bol suyla birlikte büyük bir tencerede kaynatılır. Kaynama sırasında çıkan köpük alınır. Makarnalar ayrı bir kapta haşlanır ve çorbaya eklenir. Tuz ve baharatlarla tatlandırılarak uzun süre kısık ateşte demlendikten sonra sıcak olarak servis edilir."
börek,"Türk Mutfağı – Börek",Istanbul,"yufka,peynir,maydanoz,yumurta","Yufkalar teker teker açılır ve üzerine eritilmiş tereyağı sürülür. İç harç olarak rendelenmiş beyaz peynir, ince kıyılmış maydanoz ve çırpılmış yumurta karışımı hazırlanır. Yufkanın geniş yüzeyine harç yayılır, dikkatlice sarılarak rulo haline getirilir. Dilimlere kesilip, önceden ısıtılmış fırında altın rengini alana kadar pişirilir."
dolma,"Türk Mutfağı – Dolma",Istanbul,"üzüm yaprağı,pirinç,kıyma,baharat","Üzüm yaprakları yıkanır ve hafifçe yumuşatılır. Pirinç, kıyma, ince doğranmış soğan ve çeşitli baharatlarla hazırlanan iç harç, yaprakların içine konur ve sıkıca sarılır. Dolmalar bir tencereye dizilir, üzerine zeytinyağı ve limon suyu gezdirilir. Kısık ateşte, iç harç iyice pişene kadar demlendirilir."
kebap,"Türk Mutfağı – Kebap",Adana,"kıyma,soğan,biber,baharat","Kıyma, ince doğranmış soğan, rendelenmiş biber ve baharatlar geniş bir kapta iyice yoğrulur. Karışım en az 1 saat buzdolabında dinlendirilir. Daha sonra küçük parçalar haline getirilip şişlere dizilir. Mangal veya fırında yüksek ısıda pişirilerek sıcak olarak servis edilir."
lahmacun,"Türk Mutfağı – Lahmacun",Şanlıurfa,"hamur,kıyma,soğan,biber","İnce açılmış hamur üzerine, baharatlarla tatlandırılmış kıyma, ince doğranmış soğan ve biber yerleştirilir. Kenarların hafifçe kıvrılması sağlanır. Yüksek sıcaklıkta fırında kısa sürede pişirilir, hamur çıtır çıtır olur. Servis esnasında limon dilimleri ve maydanoz ile süslenir."
döner,"Türk Mutfağı – Döner",Istanbul,"et,baharat,yoğurt,lavaş","Marine edilmiş dana veya kuzu eti, özel baharat karışımında birkaç saat dinlendirilir. Et, dikey döner ocağında yavaşça pişirilir. Pişen dış katman ince dilimler halinde kesilir. Dilimler, taze lavaş ve yoğurt sosu eşliğinde servis edilir."
pilav,"Türk Mutfağı – Pilav",Istanbul,"pirinç,tereyağı,su,tuz","Pirinci iyice yıkadıktan sonra, tereyağı ile orta ateşte kavrulur. Ardından su ve tuz eklenir, tencere kapağı kapatılarak kısık ateşte demlenmeye bırakılır. Pirinç suyunu çekene kadar pişirilir. Piştikten sonra karıştırılarak sıcak olarak servis edilir."
cacık,"Türk Mutfağı – Sos",Istanbul,"yoğurt,salatalık,nane,sarımsak","Yoğurt pürüzsüz hale getirilir, salatalık rende veya küçük küpler halinde doğranır. Ezilmiş sarımsak ve ince kıyılmış nane yoğurda eklenir. Tüm malzemeler iyice karıştırılır. Buzdolabında soğutulduktan sonra meze olarak servis edilir."
imambayıldı,"Türk Mutfağı – Sebze Yemeği",İzmir,"patlıcan,domates,soğan,sarımsak,zeytinyağı","Patlıcanlar uzunlamasına kesilip, tuzla ovularak acısı alınır ve hafifçe kızartılır. Ayrı bir tencerede soğan, sarımsak, domates ve zeytinyağı kavrulur. Patlıcanlar bu karışıma eklenir, baharatlarla tatlandırılır. Kısık ateşte, tüm malzemelerin birbirine karışması sağlanır ve ılık olarak servis edilir."
menemen,"Türk Mutfağı – Kahvaltı",İzmir,"domates,yumurta,biber,soğan","Soğan ve biber ince ince doğranarak zeytinyağında hafifçe kavrulur. Ardından küp doğranmış domates eklenir ve yumuşayıncaya kadar pişirilir. Yumurtalar kırılarak karıştırılır, baharatlarla tatlandırılır. Tüm malzemeler birkaç dakika daha pişirildikten sonra sıcak olarak servis edilir."
simit,"Türk Mutfağı – Sokak Lezzeti",Istanbul,"un,susam,su,tuz","Hamur, un, su ve tuz karışımından yoğrulur, mayalanması için bekletilir. Şekil verildikten sonra halka formuna sokulur. Üzerine susam serpilir ve taş fırında yüksek sıcaklıkta pişirilir. Dışı çıtır, içi yumuşak simit olarak sunulur."
kurabiye,"Türk Mutfağı – Tatlı",Ankara,"un,şeker,tereyağı,yumurta","Un, şeker, tereyağı ve yumurta karıştırılarak yumuşak bir hamur elde edilir. Hamur küçük parçalar halinde yuvarlanır ve fırın tepsisine dizilir. Önceden ısıtılmış fırında, kenarları hafifçe kızarana kadar pişirilir. Soğuduktan sonra çayla birlikte servis edilir."
kek,"Türk Mutfağı – Tatlı",Istanbul,"un,şeker,yumurta,süt,kabartma tozu","Tüm kuru malzemeler (un, kabartma tozu) ile yumurta, şeker ve süt iyice çırpılır. Hamur kek kalıbına dökülür ve önceden ısıtılmış fırında kabarıp altın rengini alana kadar pişirilir. Fırından çıkar çıkmaz dilimlenerek servis edilir. Üzerine isteğe bağlı pudra şekeri serpilebilir."
baklava,"Türk Mutfağı – Tatlı",Gaziantep,"yufka,ceviz,şerbet,tereyağı","İnce yufkalar teker teker açılır, her katına eritilmiş tereyağı sürülür. Yufkalar arasında ceviz serpilir ve katlar dikkatlice üst üste konur. Önceden hazırlanmış ılık şerbet yufkanın üzerine dökülür. Fırında hafifçe kızartıldıktan sonra, şerbeti çekmesi için dinlendirilir ve dilimlenerek servis edilir."
döner dürüm,"Türk Mutfağı – Sokak Lezzeti",Istanbul,"döner,lavaş,domates,soğan,maydanoz","Döner et, döner ocağında yavaşça pişirildikten sonra ince dilimler halinde kesilir. Taze lavaş ekmeği içerisine alınır. Üzerine dilimlenmiş domates, soğan ve ince kıyılmış maydanoz eklenir. Rulo şeklinde sarılarak sıcak servis edilir."
iskender kebap,"Türk Mutfağı – Kebap",Bursa,"döner,pilav,yoğurt,domates sosu","Döner et dilimleri, pilavın üzerine yerleştirilir. Üzerine bolca yoğurt dökülür ve domates sosu gezdirilir. Tüm malzemeler sıcak olarak servis edilir. Yanında tereyağlı lavaş ile tamamlanır."
su böreği,"Türk Mutfağı – Börek",Istanbul,"yufka,peynir,maydanoz,yumurta,süt","Yufkalar, tereyağı ile yağlanır ve aralarına peynir, maydanoz, yumurta karışımı konur. Katlar özenle üst üste dizilir ve süt ile ıslatılır. Fırında hafifçe pişirilir, su böreğinin yumuşak dokusu korunur. Sıcak olarak dilimlenip servis edilir."
pide,"Türk Mutfağı – Pide",Trabzon,"hamur,peynir,sucuk,yumurta","Hamur, un ve su ile yoğrulur, mayalanması için dinlendirilir. İnce uzun şekilde açılır ve üzerine rendelenmiş peynir, dilimlenmiş sucuk ve yumurta kırılır. Kenarları kıvrılarak kapatılır ve taş fırında yüksek sıcaklıkta pişirilir. Sıcak olarak dilimlenip servis edilir."
çiğ köfte,"Türk Mutfağı – Çiğ Köfte",Şanlıurfa,"ince bulgur,biber salçası,domates,yeşillik","İnce bulgur, biber salçası ve su ile yoğrulur. Küçük domates parçaları ve doğranmış yeşillikler eklenir. Tüm malzemeler iyice yoğrularak acı ve aromatik bir karışım elde edilir. Yoğrulmuş çiğ köfte, marul yaprakları üzerinde şekillendirilerek servis edilir."
helva,"Türk Mutfağı – Tatlı",Gaziantep,"un,tereyağı,şeker,su","Un, eritilmiş tereyağı ile kavrulur, altın rengini alana kadar pişirilir. Şeker ve su ilave edilerek sürekli karıştırılır. Helva, kıvam alıp soğumaya bırakılmadan hemen sıcak servis edilir. Üzerine isteğe bağlı fıstık serpilebilir."
ayran aşı çorbası,"Türk Mutfağı – Çorba",Kayseri,"yoğurt,nohut,bulgur,nane","Yoğurt çırpılır ve içine haşlanmış nohut ile ince bulgur eklenir. Karışım pürüzsüz hale gelene kadar çırpılır. Ayran aşı çorbası, nane ve baharatlarla tatlandırılır. Kısık ateşte birkaç dakika ısıtıldıktan sonra sıcak olarak servis edilir."
etli ekmek,"Türk Mutfağı – Ekmek",Konya,"hamur,kıyma,soğan,biber","Hamur, un ve su ile yoğrulur, ince açılır. Üzerine baharatlı kıyma, ince doğranmış soğan ve biber serpilir. Kenarları hafifçe kıvrılarak kapatılır ve fırında yüksek sıcaklıkta pişirilir. Sıcak olarak dilimlenip servis edilir."
tepsi kebabı,"Türk Mutfağı – Kebap",Adana,"kıyma,patates,biber,domates","Kıyma, patates, biber ve domates kat kat ince dilimler halinde kesilir. Tüm malzemeler geniş bir tepsiye dizilir, aralarına baharatlar eklenir. Fırında ağır ateşte pişirilir; malzemeler birbirine karışıp lezzetli bir bütün oluşturur. Sıcak olarak servis edilir."
fırın makarna,"Türk Mutfağı – Makarna",Istanbul,"makarna,kaşar peyniri,domates,beşamel","Haşlanmış makarna, kaşar peyniri ve domates sosu ile karıştırılır. Üzerine ev yapımı beşamel sos dökülür. Tüm malzemeler fırın tepsisine yayılır ve yüksek sıcaklıkta pişirilir. Fırından çıkar çıkmaz dilimlenip sıcak servis edilir."
kabak tatlısı,"Türk Mutfağı – Tatlı",Ankara,"kabak,şeker,ceviz,tarçın","Kabak dilimleri, şeker ile karıştırılarak tencerede pişirilir. Yumuşayana kadar kısık ateşte demlendirilir. Üzerine dövülmüş ceviz ve tarçın serpilir. Soğuduktan sonra tatlı olarak servis edilir."
sütlaç,"Türk Mutfağı – Tatlı",Istanbul,"pirinç,süt,şeker,vanilya","Pirincin süt ve şeker ile birlikte tencereye alınarak kaynaması sağlanır. Kısık ateşte süt çekene kadar pişirilir. Fırınlanarak üzeri hafifçe kızartılır ve vanilya ile tatlandırılır. Ilık veya soğuk olarak servis edilir."
revani,"Türk Mutfağı – Tatlı",Istanbul,"un,şeker,yumurta,irmik,limon","Un, irmik, şeker ve yumurta karıştırılarak hamur elde edilir. Hamur kalıba dökülüp önceden ısıtılmış fırında pişirilir. Pişen revani üzerine limon şerbeti dökülür ve şerbetin çekmesi için dinlendirilir. Dilimlenip servis edilir."
spagetti,"İtalyan-Türk Füzyonu",Istanbul,"makarna,domates sosu,köfte,peynir","Makarnalar haşlanır ve süzülür. Köfte, baharatlarla hazırlanıp kızgın yağda kızartılır. Domates sosu, haşlanmış makarna ve kızarmış köfte ile karıştırılır. Üzerine rendelenmiş peynir eklenip sıcak olarak servis edilir."
hamburger,"Amerikan Mutfağı",New York,"ekmek,köfte,peynir,domates,marul","Izgara köfte, tuz ve karabiberle tatlandırılır. Ekmekler hafifçe ısıtılır, altına taze marul, dilimlenmiş domates ve erimiş peynir konur. Köfte ekmek arasına yerleştirilir. Tüm malzemelerle birlikte sandviç şeklinde paketlenerek servis edilir."
falafel,"Orta Doğu Mutfağı",Beirut,"nohut,soğan,yeşillik,baharat","Haşlanmış nohut, sarımsak, soğan ve yeşillikler blendırda püre haline getirilir. Baharatlar eklenip yoğrulup küçük toplar oluşturulur. Kızgın yağda altın rengi alana kadar kızartılır. Dışı çıtır, içi yumuşak falafel meze olarak servis edilir."
taco,"Meksika Mutfağı",Mexico City,"mısır ekmeği,et,domates,marul,peynir","Mısır ekmeği hafifçe ısıtılır, içine baharatlı olarak pişirilmiş et yerleştirilir. Üzerine taze doğranmış domates, marul ve rendelenmiş peynir eklenir. Küçük porsiyonlar halinde katlanarak servis edilir. Yanında salsa sosu ile tamamlanır."
kumpir,"Türk Mutfağı – Sokak Lezzeti",Istanbul,"patates,salam,peynir,zeytin,kısır","Büyük boy patates fırında iyice pişirilir, içi açılır. İçine dilimlenmiş salam, erimiş peynir, zeytin ve kısır eklenir. Malzemeler iyice karıştırılarak doldurulur. Sıcak olarak, yanına ek soslarla servis edilir."
lasagna,"İtalyan Mutfağı",Bologna,"makarna,yemeklik et,beşamel sos,peynir","Kat kat yerleştirilen haşlanmış makarna, sotelenmiş yemeklik et ve beşamel sos hazırlanır. Üzerine kaşar peyniri rendelenir ve fırına verilir. Fırında kabarınca dilimlenir. Sıcak olarak servis edilir."
kısır,"Türk Mutfağı – Salata",Adana,"bulgur,tuz,domates,salatalık,nane,limon","İnce çekilmiş bulgur, sıcak su ile ıslatılır. Küçük doğranmış domates, salatalık, nane ve limon suyu eklenir. Malzemeler iyice karıştırılarak soğuk olarak dinlendirilir. Hafif ve ferahlatıcı bir salata olarak sunulur."
muffin,"Amerikan Mutfağı",New York,"un,yumurta,şeker,vanilya","Kuru malzemeler un ve şeker, ıslak malzemeler yumurta ve vanilya ile karıştırılır. Hamur muffin kalıplarına dökülür ve önceden ısıtılmış fırında kabarana kadar pişirilir. Fırından çıkar çıkmaz soğumaya bırakılır. Kahvaltı veya atıştırmalık olarak servis edilir."
sushi,"Japon Mutfağı",Tokyo,"pirinç,balık,soya sosu,wasabi","Sirkeli pirinç özenle hazırlanır ve soğutulur. Taze balık dilimleri, pirincin üzerine dikkatlice yerleştirilir. Deniz yosunu ile rulolar oluşturulur. Wasabi ve soya sosu eşliğinde soğuk olarak servis edilir."
çörek,"Türk Mutfağı – Hamur İşi",Ankara,"un,yumurta,tuz,tereyağı","Un, yumurta, tuz ve eritilmiş tereyağı ile yoğrulur, mayalanması için dinlendirilir. Şekil verilip fırın tepsisine dizilir. Önceden ısıtılmış fırında altın rengi alana kadar pişirilir. Sıcak olarak servis edilir."
gözleme,"Türk Mutfağı – Gözleme",Aydın,"yufka,peynir,ıspanak,zeytinyağı","Yufka incecik açılır, içine rendelenmiş peynir ve ince doğranmış ıspanak konur. Yufka ikiye katlanarak sac üzerinde veya tavada her iki yüzü de pişirilir. Altın rengi alana kadar pişirildikten sonra sıcak olarak kesilip servis edilir."
yoğurtlu kabak,"Türk Mutfağı",Istanbul,"kabak,yoğurt,sarımsak,zeytinyağı","Kabaklar haşlanır ve dilimlenir, soğumaya bırakılır. Yoğurt, ezilmiş sarımsak ve zeytinyağı karıştırılarak sos hazırlanır. Kabak dilimleri yoğurtlu sos ile nazikçe harmanlanır. Soğuk olarak meze şeklinde servis edilir."
börek (ıspanak),"Türk Mutfağı – Börek",Istanbul,"yufka,peynir,ıspanak,tereyağı","Yufkalar açılır ve üzerine ince doğranmış ıspanak, beyaz peynir ve eritilmiş tereyağı konur. Katlar özenle sarılır ve rulo haline getirilir. Dilimlenip fırında altın rengi alıncaya kadar pişirilir. Sıcak olarak servis edilir."
fırın tavuk,"Türk Mutfağı – Ana Yemek",Istanbul,"tavuk,limon,soğan,patates","Tavuk, limon suyu, soğan ve dilimlenmiş patates ile marine edilir. Fırın tepsisine yerleştirilir ve önceden ısıtılmış fırında, altın rengi alana kadar pişirilir. Piştikten sonra dilimlenip sıcak olarak servis edilir. Yanında yeşil salata ile tamamlanır."
beşamel soslu karnıbahar,"Türk Mutfağı – Sebze Yemeği",Istanbul,"karnıbahar,beşamel sos,tereyağı,peynir","Karnıbahar küçük parçalara ayrılır ve haşlanır. Ayrı bir sos tenceresinde beşamel sos hazırlanır; içine eritilmiş tereyağı ve rendelenmiş peynir eklenir. Haşlanmış karnıbahar, sos ile karıştırılarak fırın tepsisine dizilir. Fırında hafifçe kızarana kadar pişirildikten sonra sıcak olarak servis edilir."
mücver,"Türk Mutfağı – Meze",İzmir,"kabak,un,yumurta,tuz,soğan","Rendelenmiş kabak, un, yumurta ve ince doğranmış soğan karıştırılır. Tuz ve baharatlarla tatlandırılır. Karışım top şeklinde veya küçük yassı mücverler haline getirilir. Kızgın yağda kızartılıp sıcak olarak servis edilir."
şiş kebap,"Türk Mutfağı – Kebap",Adana,"et,biber,tuz,soğan","Kıyılmış et, doğranmış biber ve soğan, tuz ve baharatlarla yoğrulur. Karışım şişlere dizilir ve mangalda ya da fırında yüksek ısıda pişirilir. Etin dışı kızarıp içi yumuşak kalması sağlanır. Sıcak olarak lavaş ile servis edilir."
balık ekmek,"Türk Mutfağı – Sokak Lezzeti",Istanbul,"balık,ekmek,soğan,limon","Taze balık fileto, tuz ve baharatlarla marine edilir ve ızgarada pişirilir. Ekmek hafifçe ısıtılır, üzerine ince dilimlenmiş soğan ve limon dilimleri konur. Pişen balık ekmek arasına yerleştirilir. Sıcak olarak sokak lezzeti şeklinde servis edilir."
közlenmiş patlıcan salatası,"Türk Mutfağı – Salata",Adana,"patlıcan,domates,soğan,zeytinyağı","Patlıcanlar közde veya fırında kabukları yanacak şekilde pişirilir. Soğuduktan sonra kabukları soyulur ve küp doğranır. Domates ve soğan ince dilimlenir, zeytinyağı ile karıştırılır. Közlenmiş patlıcan eklenip taze nane ile servis edilir."
etli pilav,"Türk Mutfağı – Pilav",Istanbul,"pirinç,et,soğan,biber","Pirincin üzerine, önceden sotelenmiş et, soğan ve biber eklenir. Tereyağı ile kavrulan pirinç, et suyunda demlenir. Malzemeler iyice karışınca sıcak olarak servis edilir. Yanında yoğurt ile tamamlanır."
spaghetti carbonara,"İtalyan Mutfağı",Rome,"spagetti,pancetta,yumurta,parmesan,karabiber","Spagetti haşlanır ve süzülür. Kızartılmış pancetta, yumurta ve parmesan karışımı hızlıca karıştırılır. Haşlanmış makarna bu karışıma eklenir, karabiber serpilir. Kremasız, orijinal tarzda hemen servis edilir."
risotto,"İtalyan Mutfağı",Milan,"arborio pirinci,beyaz şarap,parmesan,tereyağı,soğan,et suyu","Arborio pirinci tereyağı ve ince doğranmış soğanla kavrulur. Beyaz şarap eklenip alkolü uçurulduktan sonra, sıcak et veya sebze suyu yavaşça eklenir. Pirinç kremamsı bir kıvama gelene kadar karıştırılarak pişirilir. Son olarak parmesan rendesi ile servis edilir."
tiramisu,"İtalyan Mutfağı – Tatlı",Venice,"mascarpone,espresso,savoiardi bisküvileri,kakao tozu,yumurta,şeker","Savoiardi bisküvileri kahveya batırılır, mascarpone karışımı (yumurta, şeker ve mascarpone) ile katmanlar oluşturulur. Katlar, soğutucuda birkaç saat dinlendirilir. Üzerine incecik kakao serpilir ve tatlı soğuk olarak sunulur."
caprese salad,"İtalyan Mutfağı – Salata",Capri,"domates,mozzarella,fesleğen,zeytinyağı,tuz","Olgun domates ve taze mozzarella dilimlenir. Fesleğen yaprakları taze olarak eklenir. Zeytinyağı, tuz ve isteğe bağlı balsamik sirke ile tatlandırılır. Taze ve soğuk olarak salata şeklinde servis edilir."
margherita pizza,"İtalyan Mutfağı",Naples,"hamur,domates sosu,mozzarella,fesleğen","Hamur yoğrulur, ince bir şekilde açılır ve domates sosu yayılır. Mozzarella dilimleri ve fesleğen yaprakları eklenir. Yüksek sıcaklıkta fırında kısa süre pişirilir. Kenarları çıtır, içi yumuşak pizza olarak servis edilir."
bolognese,"İtalyan Mutfağı",Bologna,"kıyma,domates sosu,soğan,havuç,kereviz,makarna","Kıyma, soğan, havuç ve kereviz ince doğranarak kavrulur. Domates sosu eklenip uzun süre pişirilir. Kıyma sosu, haşlanmış makarna ile karıştırılır. Üzerine parmesan serpilerek sıcak servis edilir."
fettuccine alfredo,"İtalyan Mutfağı",Rome,"fettuccine,tereyağı,parmesan,krema","Fettuccine makarna haşlanır, süzülür. Tereyağı, krema ve parmesan, kısık ateşte karıştırılarak pürüzsüz bir sos hazırlanır. Makarnalar bu sosla iyice karıştırılır. Sıcak olarak hemen servis edilir."
minestrone soup,"İtalyan Mutfağı – Çorba",Tuscany,"sebzeler,fasulye,makarna,domates,zeytinyağı","Mevsim sebzeleri, fasulye, makarna ve domates sosu büyük bir tencerede birleştirilir. Zeytinyağı ve baharatlar eklenir. Karışım, kısık ateşte lezzetlerin birbirine geçmesi için uzun süre pişirilir. Sıcak olarak servis edilir."
osso buco,"İtalyan Mutfağı",Milan,"dana incik,sebzeler,beyaz şarap,et suyu,gremolata","Dana incikleri, soğan, havuç ve kerevizle birlikte beyaz şarap ve et suyunda yavaşça pişirilir. Et iyice yumuşadığında, gremolata (limon kabuğu, sarımsak, maydanoz) eklenir. Güveçte uzun süre demlendikten sonra sıcak olarak servis edilir. Yanında risotto önerilir."
panettone,"İtalyan Mutfağı – Tatlı",Milan,"un,şeker,yumurta,kuru meyveler,tereyağı","Meyveli mayalı hamur yoğrulur ve uzun süre mayalanmaya bırakılır. Hamur yüksek fırında pişirilir, dilimlenerek soğutulur. Hafif nemli dokusu ve meyve parçaları ile tatlı bir lezzet sunar. Çay veya kahve ile servis edilir."
quiche lorraine,"Fransız Mutfağı",Lorraine,"hamur,yumurta,krema,bacon,peynir","Hazırlanmış hamur kalıbı, ince dilimlenmiş bacon ile kaplanır. Üzerine çırpılmış yumurta, krema ve rendelenmiş peynir dökülür. Fırında altın rengini alana kadar pişirilir. Ilık veya soğuk olarak dilimlenip servis edilir."
ratatouille,"Fransız Mutfağı – Sebze Yemeği",Nice,"patlıcan,kabak,biber,domates,soğan,sarımsak,otlar","Patlıcan, kabak, biber, domates, soğan ve sarımsak büyük parçalar halinde doğranır. Zeytinyağında kısık ateşte uzun süre pişirilir. Taze otlar ve baharatlar eklenir. Sebzelerin doğal lezzetleri ön plana çıkarılarak sıcak servis edilir."
coq au vin,"Fransız Mutfağı",Burgundy,"tavuk,kırmızı şarap,mantar,soğanlar,bacon,sarımsak","Tavuk parçaları, kırmızı şarap ve et suyunda uzun süre kısık ateşte pişirilir. Soğan, havuç, mantar ve sarımsak eklenir. Etler iyice yumuşayınca, taze otlarla süslenir. Sıcak olarak servis edilir."
bouillabaisse,"Fransız Mutfağı – Deniz Ürünleri",Marseille,"balık,kabuklu deniz ürünleri,domates,safran,rezene,sarımsak","Farklı deniz ürünleri, domates, safran, rezene ve sarımsakla birlikte büyük bir tencerede kaynatılır. Özellikle deniz ürünlerinin pişme süreleri dikkatle ayarlanır. Zengin aromalı sos, deniz ürünleri ile harmanlanır. Sıcak ve bol baharatlı olarak servis edilir."
crêpes,"Fransız Mutfağı",Brittany,"un,süt,yumurta,tereyağı,şeker","Un, süt, yumurta ve eritilmiş tereyağı karıştırılarak ince bir hamur elde edilir. İnce tabaka halinde tavada her iki yüzü de kısa sürede pişirilir. İsteğe bağlı tatlı veya tuzlu harç eklenir. Hafif ve narin olarak servis edilir."
croissant,"Fransız Mutfağı",Paris,"un,tereyağı,maya,şeker,tuz","Mayalı hamur incecik açılır ve kat kat tereyağı eklenir. Katlar oluşturularak sarılır, önceden ısıtılmış fırında altın rengini alana kadar pişirilir. Çıtır dış yüzeyi ve yumuşak iç dokusu ile servis edilir. Kahvaltıda ideal bir seçenek sunar."
steak frites,"Fransız Mutfağı",Paris,"biftek,patates kızartması,tuz,karabiber","Kalın kesilmiş steak, yüksek ısıda ızgarada veya tavada pişirilir. Yanında ince kesilmiş patatesler kızartılır. Et, tuz ve karabiberle tatlandırılır. Sıcak olarak yanında mayonez veya sos ile servis edilir."
soupe à l'oignon,"Fransız Mutfağı",Paris,"soğan,et suyu,krutonlar,gruyere peyniri","Soğanlar ince dilimlenip, tereyağında karamelize edilir. Karamelize soğanlar, et suyu ile birleştirilip kaynatılır. Üzerine kruton ve rendelenmiş gruyere peyniri eklenir, fırında hafifçe kızartılır. Sıcak olarak servis edilir."
tarte tatin,"Fransız Mutfağı – Tatlı",Lamotte-Beuvron,"elma,milföy hamuru,tereyağı,şeker","Elmalar dilimlenip tereyağı ve şekerle birlikte karamelize edilir. Karamelize elmalar, milföy hamurunun üzerine yerleştirilir. Ters çevrilerek fırında pişirilir. Soğuduktan sonra dilimlenip servis edilir."
cassoulet,"Fransız Mutfağı",Toulouse,"beyaz fasulye,ördek,sosis,domuz eti","Beyaz fasulye, ördek, sosis ve domuz eti uzun süre kısık ateşte pişirilir. Tüm malzemeler derin bir tencerede birleştirilir. Sos ve etler iyice karışıp yumuşayana kadar pişirilir. Yoğun ve doyurucu olarak servis edilir."
nicoise salad,"Fransız Mutfağı – Salata",Nice,"ton balığı,yeşil fasulye,zeytin,patates,yumurta,ançuez","Haşlanmış patates, yeşil fasulye ve yumurta dilimlenir. Ton balığı ve ançuez eklenir, zeytinyağı ve limon sosuyla karıştırılır. Zengin ve taze bir salata elde edilir. Soğuk olarak servis edilir."
beef bourguignon,"Fransız Mutfağı",Burgundy,"dana eti,kırmızı şarap,mantarlar,havuçlar,soğanlar,sarımsak","Dana eti, kırmızı şarap ve et suyunda uzun süre kısık ateşte pişirilir. Soğan, havuç, mantar ve sarımsak eklenir. Etler iyice yumuşayınca, yoğun bir sos elde edilir. Sıcak olarak pilav veya ekmekle servis edilir."
sole meunière,"Fransız Mutfağı",Paris,"sole balığı,un,tereyağı,limon,maydanoz","Sole balığı önceden unlanır ve tereyağında kızartılır. Kızarmış balık, limon suyu ve maydanozla tatlandırılır. Hızlıca servis edilmek üzere sıcak tutulur. Yanında hafif garnitürlerle sunulur."
duck confit,"Fransız Mutfağı",Gascony,"ördek,tuz,sarımsak,kekik,ördek yağı","Önceden tuz, sarımsak ve kekik ile marine edilen ördek butları, kendi yağıyla düşük ısıda yavaşça pişirilir. Et yumuşadığında dışı çıtırlaşır. Yağı ile birlikte servis edilmek üzere dinlendirilir. Geleneksel Fransız tarzında sunulur."
paella,"İspanyol Mutfağı",Valencia,"pirinç,safran,tavuk,deniz ürünleri,sebzeler","Safranla renklendirilmiş pirinç, tavuk, deniz ürünleri ve sebzeler geniş bir tava veya paellera konur. Yüksek ateşte, pirinç suyu çekene kadar pişirilir. Malzemeler dengeli şekilde karışır. Sıcak olarak, limon dilimleri eşliğinde servis edilir."
gazpacho,"İspanyol Mutfağı – Çorba",Andalusia,"domates,salatalık,biber,sarımsak,zeytinyağı,sirke","Domates, salatalık, biber ve sarımsak blendırda püre haline getirilir. Zeytinyağı, sirke ve tuz eklenir. Soğuk olarak iyice karıştırılır. Ferahlatıcı ve serinletici çorba olarak servis edilir."
tortilla española,"İspanyol Mutfağı",Madrid,"yumurta,patates,soğan,zeytinyağı","Patates ve soğan ince dilimlenip zeytinyağında yumuşayıncaya kadar pişirilir. Yumurtalar çırpılır, pişmiş sebzelerle karıştırılır. Karışım tavada pişirilip kalın bir omlet kıvamı alır. Dilimlenip sıcak veya oda sıcaklığında servis edilir."
croquetas,"İspanyol Mutfağı",Madrid,"beşamel sos,jambon,peynir,galeta unu","Beşamel soslu harç hazırlanır, içine doğranmış jambon ve peynir eklenir. Küçük toplar haline getirilir ve önce una, sonra çırpılmış yumurtaya ve en son ekmek kırıntısına bulandırılır. Kızgın yağda altın rengini alana kadar kızartılır. Sıcak olarak meze şeklinde servis edilir."
churros,"İspanyol Mutfağı – Tatlı",Madrid,"un,su,tuz,şeker,yağ","Hamur, un, su, tuz ve şeker karışımından hazırlanır. Uzun şeritler halinde sıkılır ve kızgın yağda çıtır çıtır kızartılır. Üzerine ek şeker serpilir. Sıcak olarak çikolata sosu eşliğinde servis edilir."
empanadas,"İspanyol Mutfağı",Buenos Aires,"hamur,sığır eti,soğan,zeytin,baharatlar","Hamur yoğrulur, açılır ve içine baharatlı sote edilmiş kıyma, soğan ve zeytin eklenir. Hamur yarım ay şeklinde kapatılır. Önceden ısıtılmış fırında veya yağda kızartılarak pişirilir. Sıcak olarak atıştırmalık şeklinde servis edilir."
fabada asturiana,"İspanyol Mutfağı",Asturias,"beyaz fasulye,chorizo,morcilla,bacon","Beyaz fasulyeler, chorizo, morcilla ve bacon uzun süre kısık ateşte pişirilir. Malzemeler birbirine karışarak yoğun bir güveç oluşturur. Baharatlarla tatlandırılır. Sıcak olarak servis edilir."
pisto,"İspanyol Mutfağı",Toledo,"domates,kabak,patlıcan,biber,soğan,sarımsak","Domates, kabak, patlıcan, biber, soğan ve sarımsak küçük küpler halinde doğranır. Zeytinyağında kavrulur ve domatesle iyice pişirilir. Sebzeler yumuşayıp sos kıvamına geldiğinde ocaktan alınır. Ilık olarak, ekmekle birlikte servis edilir."
sangria,"İspanyol Mutfağı – İçecek",Madrid,"kırmızı şarap,meyveler,brendi,soda suyu","Kırmızı şarap, dilimlenmiş taze meyveler ve brendi karıştırılır. Üzerine soda suyu eklenir ve iyice soğutulur. Buz eklenerek servis edilir. Ferahlatıcı içecek olarak sunulur."
ceviche,"Peruvian Mutfağı",Lima,"balık,misket limonu,soğan,acı biber,kişniş","Taze balık küpler halinde kesilir ve bolca limon suyunda marine edilir. İnce dilimlenmiş soğan, doğranmış chili ve kişniş eklenir. Karışım soğuk olarak birkaç dakika bekletilir. Ferahlatıcı bir deniz mahsulü olarak servis edilir."
lomo saltado,"Peruvian Mutfağı",Lima,"sığır eti,domates,soğanlar,kızarmış patates,soya sosu","İnce dilimlenmiş sığır eti, domates ve soğan yüksek ateşte hızlıca sotelenir. Üzerine kızarmış patates kızartması eklenir. Soya sosu ile tatlandırılarak karıştırılır. Sıcak olarak pirinçle birlikte servis edilir."
aji de gallina,"Peruvian Mutfağı",Lima,"tavuk,krema,ceviz,acı biber,ekmek","Haşlanmış tavuk didiklenir ve ceviz, chili ve ekmek içi ile karıştırılır. Kremsi bir sos elde edilene kadar pişirilir. Baharatlarla tatlandırılır. Sıcak olarak pilav veya ekmekle servis edilir."
anticuchos,"Peruvian Mutfağı",Lima,"sığır kalbi,sirke,sarımsak,baharatlar","Et kalbi, sirke, sarımsak ve baharatlarla marine edilir. Şişlere dizilip mangalda yüksek ateşte pişirilir. Dış kısmı hafif kızarıp içi yumuşak kalır. Yanında sosla sıcak olarak servis edilir."
pisco sour,"Peruvian Mutfağı – İçecek",Lima,"pisco,misket limonu,yumurta akı,bitters,şeker","Pisco, taze lime suyu, yumurta akı ve şeker buzla karıştırılır. Karışım pürüzsüz bir kıvam alır. Birkaç damla bitters eklenir. Soğuk olarak kokteyl bardağında servis edilir."
feijoada,"Brezilya Mutfağı",Rio de Janeiro,"siyah fasulye,domuz eti,sığır eti,sosis,sarımsak","Siyah fasulye, çeşitli domuz eti, sosis ve sığır eti uzun süre kaynatılır. Tüm malzemeler bir araya getirilip yoğun bir güveç haline gelir. Baharatlarla tatlandırılır. Sıcak olarak pirinçle birlikte servis edilir."
moqueca,"Brezilya Mutfağı",Bahia,"balık,hindistancevizi sütü,domates,biber,kişniş","Balık ve deniz ürünleri, hindistancevizi sütü, domates ve biber ile birlikte kısık ateşte pişirilir. Malzemeler yavaşça birbirine karışır. Taze kişniş ile süslenir. Sıcak olarak geleneksel Brezilya usulü servis edilir."
churrasco,"Brezilya Mutfağı",Rio de Janeiro,"sığır eti,tuz,sarımsak","Kalın kesilmiş sığır eti, tuz ve ezilmiş sarımsak ile marine edilir. Izgarada yüksek ateşte hızlıca pişirilir. Dış kısmı kızarırken içi sulu kalır. Dilimlenip sıcak olarak servis edilir."
coxinha,"Brezilya Mutfağı – Sokak Lezzeti",São Paulo,"tavuk,hamur,krem peynir,galeta unu","Tavuk eti haşlanıp didiklenir, krem peynirle karıştırılır. Hamur hazırlanır, tavuk karışımı içine konur. Küçük koni şeklinde kapatılır, ekmek kırıntısına bulandıktan sonra kızgın yağda kızartılır. Sıcak olarak atıştırmalık şeklinde servis edilir."
brigadeiro,"Brezilya Mutfağı – Tatlı",Brazil,"kondens süt,kakao tozu,tereyağı,çikolata serpiştirmesi","Kondens sütü, kakao ve tereyağı kısık ateşte sürekli karıştırılarak yoğunlaştırılır. Karışım küçük toplar haline getirilir. Toplar, çikolata serpiştirilerek süslenir. Oda sıcaklığında tatlı olarak servis edilir."
quinoa salad,"Sağlıklı Yemek",Global,"kinoa,sebzeler,limon sosu","Pişmiş kinoa, doğranmış taze sebzeler ile karıştırılır. Limon suyu, zeytinyağı ve tuzdan oluşan sos eklenir. Tüm malzemeler iyice harmanlanır. Ferahlatıcı ve besleyici salata olarak servis edilir."
hummus,"Orta Doğu Mutfağı",Beirut,"nohut,tahin,sarımsak,limon,zeytinyağı","Haşlanmış nohut, tahin, sarımsak ve limon suyu blendırda püre haline getirilir. Zeytinyağı eklenir ve iyice karıştırılır. Kıvam ayarı yapılır. Soğuk olarak meze şeklinde servis edilir."
shakshuka,"Orta Doğu Mutfağı",Tel Aviv,"domates,yumurta,biber,soğan,sarımsak,baharatlar","Domates, biber, soğan ve sarımsak zeytinyağında kavrulur. Baharatlar eklenir ve sos kıvamına gelene kadar pişirilir. Yumurtalar sosun içine kırılır ve hafifçe pişirilir. Sıcak olarak ekmekle servis edilir."
baba ganoush,"Orta Doğu Mutfağı",Beirut,"patlıcan,tahin,sarımsak,limon,zeytinyağı","Patlıcan közde veya fırında pişirilip kabuğu soyulur. İç kısmı ezilerek tahin, sarımsak ve limon suyu ile karıştırılır. Zeytinyağı eklenir ve pürüzsüz hale getirilir. Soğuk olarak meze şeklinde servis edilir."
fattoush,"Orta Doğu Mutfağı – Salata",Beirut,"karışık yeşillikler,domates,salatalık,kızarmış pita ekmekleri,sumak","Karışık yeşillikler, doğranmış domates ve salatalık hazırlanır. Kızarmış pita ekmekleri ufalanır. Tüm malzemeler zeytinyağı, limon suyu ve sumak ile karıştırılır. Taze olarak servis edilir."
mansaf,"Orta Doğu Mutfağı",Amman,"kuzu eti, yoğurt sosu, pirinç, badem","Kuzu eti, baharatlarla marine edilip uzun süre yavaşça pişirilir. Yoğurt sosu hazırlanır ve et üzerine dökülür. Pilavla birlikte badem serpilerek servis edilir. Geleneksel Orta Doğu yemeği olarak sunulur."
tagine,"Fas Mutfağı",Marrakech,"et (kuzu/tavuk), kurutulmuş meyveler, baharatlar, sebzeler","Et ve sebzeler, baharatlı bir sos içinde geleneksel tagine kabında yavaşça pişirilir. Kurutulmuş meyveler eklenir. Sos ve etin iyice bütünleşmesi sağlanır. Sıcak olarak kuskus veya ekmek ile servis edilir."
couscous,"Fas Mutfağı",Marrakech,"irmik, sebzeler, et, baharatlar","İnce irmik, sıcak su ile buharda pişirilir. Sebzeler ve et, baharatlarla sotelenir. Pişmiş kuskus ile karıştırılır. Taze otlar eklenip sıcak olarak servis edilir."
harira,"Fas Mutfağı",Rabat,"domatesler, mercimek, nohut, et, baharatlar","Domates, mercimek, nohut ve et kemikleri büyük tencerede birleştirilir. Baharatlarla tatlandırılır ve uzun süre kaynatılır. Sos yoğunlaşınca sıcak olarak servis edilir. Özellikle Ramazan ayında tercih edilir."
pastilla,"Fas Mutfağı",Fez,"yufka, güvercin (veya tavuk), badem, baharatlar","İnce yufkalar, et veya güvercin eti, badem ve baharat karışımı ile katmanlanır. Tatlı ve tuzlu unsurlar dengelenir. Fırında hafifçe kızarana kadar pişirilir. Toz şeker ve tarçınla süslenip servis edilir."
biryani,"Hint Mutfağı",Hyderabad,"basmati pirinci, et, baharatlar, yoğurt","Basmati pirinci, baharatlı et ve yoğurt ile kat kat pişirilir. Önceden marine edilmiş et, pirincin içine karıştırılır. Düşük ateşte demlendirilir. Zengin aromalı bir pilav olarak servis edilir."
butter chicken,"Hint Mutfağı",Delhi,"tavuk, domates, krema, baharatlar, tereyağı","Tavuk, yoğurt ve baharatlarla marine edilir, ardından domates ve krema ile birlikte ağır ateşte pişirilir. Tereyağı ile zenginleştirilir. Sosu koyu ve kremamsı olur. Sıcak olarak naan ekmeğiyle servis edilir."
palak paneer,"Hint Mutfağı",Punjab,"ıspanak, peynir, sarımsak, zencefil, krema","Ispanak haşlanıp püre haline getirilir. Paneer küp olarak kızartılır. Ispanak püresi, sarımsak, zencefil ve krema ile karıştırılır. Baharatlarla tatlandırılıp sıcak servis edilir."
rogan josh,"Hint Mutfağı",Kashmir,"kuzu eti, yoğurt, baharatlar, sarımsak, zencefil","Kuzu eti, yoğurt ve baharatlarla marine edilir. Et, tencerede uzun süre ağır ateşte pişirilir. Sarımsak ve zencefil aroması yoğunlaşır. Geleneksel şekilde pilav veya ekmekle servis edilir."
samosa,"Hint Mutfağı – Sokak Lezzeti",Mumbai,"un, patates, bezelye, baharatlar, yağ","Hamur ince açılır, içine haşlanmış patates, bezelye ve baharat karışımı konur. Üçgen şeklinde katlanıp mühürlenir. Kızgın yağda çıtır çıtır kızartılır. Sıcak olarak chutney eşliğinde servis edilir."
chole bhature,"Hint Mutfağı – Sokak Lezzeti",Delhi,"nohut, un, baharatlar, yoğurt","Baharatlı nohut yahnisi hazırlanır, haşlanır ve püre haline getirilir. Mayalı hamur, incecik açılır ve kızgın yağda kızartılır. Nohut yahnisi ile birlikte sıcak servis edilir. Sokak lezzeti olarak popülerdir."
dosa,"Hint Mutfağı",Chennai,"pirinç, mercimek, baharatlar","Fermente pirinç ve mercimek karışımı ince bir hamur oluşturur. Tavada ince krepler şeklinde yayılır ve altın rengi olana kadar pişirilir. İnce ve çıtır dosa, çeşitli dolgu malzemeleriyle servis edilir. Geleneksel Güney Hindistan kahvaltısıdır."
idli,"Hint Mutfağı",Chennai,"pirinç, mercimek, fermantasyon","Pirinç ve mercimek, uzun süre fermente edilerek hamur haline getirilir. Buharda pişirilip yumuşak ve süngerimsi idli elde edilir. Hafif ve besleyici olan idli, genellikle chutney ve sambar ile servis edilir. Geleneksel Güney Hindistan kahvaltısıdır."
vada pav,"Hint Mutfağı – Sokak Lezzeti",Mumbai,"patates köftesi, ekmek çöreği, çutney, baharatlar","Baharatlı patates köftesi hazırlanır, kızgın yağda kızartılır. Ekmeğin arasına yerleştirilir ve yeşil çutney ile tatlandırılır. Hızlıca elden geçirilip sokak lezzeti olarak sunulur. Mumbai’nin popüler atıştırmalığıdır."
pani puri,"Hint Mutfağı – Sokak Lezzeti",Mumbai,"irmik, patates, nohut, hindi ekşisi suyu","Küçük çıtır hamur topları hazırlanır, içine haşlanmış patates ve nohut doldurulur. Üzerine hindi ekşisi suyu dökülür. Servis öncesi biraz bekletilip lezzetlerin karışması sağlanır. Hızlıca tüketilerek atıştırmalık olarak sunulur."
gulab jamun,"Hint Mutfağı – Tatlı",Lucknow,"süt katıları, şerbet, kakule","Süt tozu ve irmik karışımından küçük toplar yapılır, kızgın yağda altın rengini alana kadar kızartılır. Ardından, hafif ılık şerbetin içine batırılır. Şerbeti iyice çekene kadar bekletilir. Tatlı olarak soğuk veya ılık servis edilir."
jalebi,"Hint Mutfağı – Tatlı",Delhi,"un, yoğurt, şerbet, safran","Mayalı hamur, kıvrılarak uzun şeritler halinde sıkılır. Kızgın yağda kızartılır, ardından sıcak şerbetin içine batırılır. Şerbeti çekip parlak bir yüzey kazandıktan sonra servis edilir. Tatlı, sıcak veya oda sıcaklığında sunulur."
bakso,"Endonezya Mutfağı",Jakarta,"et topları, erişte, et suyu, sebzeler","Et topları hazırlanır ve haşlanmak üzere kaynar suya atılır. Noodle ve sebzelerle birlikte yoğun bir çorba oluşturulur. Baharatlarla tatlandırılır, tüm malzemeler karıştırılır. Sıcak çorba olarak servis edilir."
nasi goreng,"Endonezya Mutfağı",Jakarta,"pirinç, yumurta, sebzeler, tavuk, tatlı soya sosu","Haşlanmış pirinç, tavada yumurta, sebze ve tavuk ile yüksek ateşte hızlıca kızartılır. Tatlı soya sosu ile tatlandırılır. Tüm malzemeler iyice harmanlanır. Sıcak olarak, garnitürlerle servis edilir."
satay,"Endonezya Mutfağı",Jakarta,"et, yer fıstığı sosu, baharatlar","Marine edilmiş et şişlere dizilir ve mangalda pişirilir. Yanında yer fıstığı sosu ile servis edilir. Etin dışı kızarıp içi yumuşak kalır. Sokak lezzeti olarak sunulur."
gado-gado,"Endonezya Mutfağı",Jakarta,"sebzeler, yer fıstığı sosu, tofu, tempeh","Haşlanmış sebzeler, tofu ve tempeh, zengin yer fıstığı sosuyla karıştırılır. Malzemeler iyice harmanlanır. Soğuk veya oda sıcaklığında meze olarak servis edilir. Taze yeşilliklerle süslenir."
rendang,"Endonezya Mutfağı",Padang,"sığır eti, hindistancevizi sütü, baharatlar","Sığır eti, hindistancevizi sütü ve baharatlarla uzun süre kısık ateşte pişirilir. Et iyice yumuşadığında yoğun bir sos oluşur. Karışım geleneksel yöntemle demlenir. Sıcak olarak pilav ile servis edilir."
pho,"Vietnam Mutfağı",Hanoi,"et suyu, pirinç erişteleri, taze otlar, sığır eti","Yoğun et suyu, baharatlar ve kemiklerle uzun süre kaynatılır. Pirinç erişteleri haşlanır, taze otlar ve ince dilimlenmiş sığır eti eklenir. Tüm malzemeler çabukca servis edilir. Sıcak olarak, yanında lime ile sunulur."
bánh mì,"Vietnam Mutfağı",Saigon,"baget ekmeği, turşu sebzeler, domuz eti, pate, kişniş","Taze baget ekmeği, marine edilmiş domuz eti ve pate ile doldurulur. Turşu sebzeler eklenir, taze kişnişle süslenir. Ekmek çıtır dış yüzeye sahip olacak şekilde servis edilir. Hızlı bir sandviç alternatifi sunar."
bun cha,"Vietnam Mutfağı",Hanoi,"ızgara domuz eti, erişte, taze otlar, balık sosu","Izgara domuz eti, haşlanmış pirinç erişteleri ve taze otlar ile servis edilir. Balık sosu ile tatlandırılır. Tüm malzemeler hızlıca karıştırılır. Sıcak ve ferahlatıcı olarak sunulur."
spring rolls,"Vietnam Mutfağı",Hanoi,"pirinç kağıdı, sebzeler, karides (veya domuz eti), taze otlar","Taze sebze ve isteğe bağlı karides veya domuz eti, ince dilimlenir. Pirinç kağıdı ıslatılır, içine harç konur ve sıkıca sarılır. Hafifçe kızartılarak çıtır hale getirilir. Taze otlar eşliğinde servis edilir."
kimchi,"Kore Mutfağı",Seoul,"napa lahanası, acı biber, sarımsak, zencefil, tuz","Napa lahanası, tuz ile marine edilir ve fermente olmaya bırakılır. Sarımsak, zencefil ve acı biber ile tatlandırılır. Fermente süreci tamamlandığında, geleneksel şekilde servis edilir. Yanında diğer Kore yemekleriyle sunulur."
bibimbap,"Kore Mutfağı",Seoul,"pirinç, sebzeler, sığır eti, yumurta, acı biber ezmesi","Haşlanmış pirinç üzerine sotelenmiş sebzeler, ince dilimlenmiş sığır eti ve yumurta yerleştirilir. Acı biber ezmesi eklenir. Tüm malzemeler karıştırılarak servis edilir. Geleneksel Kore sunumuyla sıcak olarak sunulur."
bulgogi,"Kore Mutfağı",Seoul,"sığır eti, soya sosu, şeker, sarımsak, susam yağı","İnce dilimlenmiş sığır eti, soya sosu, şeker, sarımsak ve susam yağı ile marine edilir. Kısa süreli ızgarada veya tavada hızlıca pişirilir. Etin lezzeti yoğunlaşır. Sıcak olarak, yanında pirinçle servis edilir."
japchae,"Kore Mutfağı",Seoul,"cam erişte, sığır eti, sebzeler, soya sosu","Cam erişte haşlanır ve süzülür. İnce doğranmış sığır eti ve sebzeler, soya sosu ile sotelenir. Erişte ve diğer malzemeler karıştırılır. Taze ve hafif olarak servis edilir."
tteokbokki,"Kore Mutfağı",Seoul,"pirinç kekleri, acı biber ezmesi, balık kekleri, yeşil soğan","Pirinç kekleri, acı biber ezmesi sosunda pişirilir. Balık kekleri ve ince doğranmış yeşil soğan eklenir. Sos yoğunlaşana kadar pişirilir. Sokak lezzeti olarak sıcak servis edilir."
pierogi,"Polonya Mutfağı",Krakow,"un, patates, peynir, soğan, tereyağı","Hamur, un ve su ile hazırlanır, küçük kesitler haline getirilir. Patates ve peynir dolgusuyla doldurulur. Haşlanır ve ardından tereyağında kızartılır. Sıcak olarak, ekşi krema ile servis edilir."
bigos,"Polonya Mutfağı",Warsaw,"ekşi lahana, et, mantarlar, domatesler","Lahana, et, mantar ve domates uzun süre kısık ateşte pişirilir. Tüm malzemeler iyice karışarak yoğun bir güveç oluşturur. Baharatlarla tatlandırılır. Sıcak olarak servis edilir."
kielbasa,"Polonya Mutfağı",Krakow,"sosis, domuz eti, sarımsak, baharatlar","Domuz eti, sarımsak ve baharatlarla hazırlanan sosis, şekil verildikten sonra ızgarada pişirilir. Dışı kızarana kadar yüksek ateşte tutulur. Dilimlenip sıcak olarak servis edilir. Yanında hardal veya ekmekle sunulur."
placki ziemniaczane,"Polonya Mutfağı",Warsaw,"patates, yumurta, un, soğan","Rendelenmiş patates, yumurta, un ve ince doğranmış soğan karıştırılır. Karışımdan ince krep benzeri yassı kekler oluşturulur. Kızgın yağda her iki tarafı da altın rengini alana kadar kızartılır. Sıcak olarak yoğurt veya sosla servis edilir."
schnitzel,"Alman Mutfağı",Berlin,"dana veya domuz eti, ekmek kırıntıları, yumurta, un","Dana veya domuz eti ince dilimlenir, dövülerek yassılaştırılır. Önce una, sonra çırpılmış yumurtaya ve son olarak ekmek kırıntılarına bulanır. Kızgın yağda altın rengini alana kadar kızartılır. Limon dilimleri ile sıcak olarak servis edilir."
bratwurst,"Alman Mutfağı",Berlin,"sosis, domuz eti, baharatlar","Baharatlı domuz eti sosisleri, ızgarada veya tavada pişirilir. Dışı kızarıp içi sulu kalır. Hafifçe dilimlenip sıcak olarak servis edilir. Yanında hardal ve ekmekle sunulur."
sauerkraut,"Alman Mutfağı",Berlin,"lahana, tuz","Lahana ince ince doğranır ve tuzla ovularak fermente olmaya bırakılır. Fermente süreci tamamlandığında, ekşi ve çıtır bir garnitür elde edilir. Soğuk olarak sosis veya et yemeklerinin yanında servis edilir."
pretzel,"Alman Mutfağı",Munich,"un, su, maya, tuz","Mayalı hamur yoğrulur, şekil verilir ve pretzel formuna sokulur. Üzerine tuz serpilir ve fırında pişirilir. Dışı çıtır, içi yumuşak olarak elde edilir. Sıcak veya oda sıcaklığında servis edilir."
wiener schnitzel,"Avusturya Mutfağı",Vienna,"dana eti, ekmek kırıntıları, yumurta, un, limon","Dana eti ince dilimlenir, dövülerek inceltilir. Önce una, sonra yumurtaya ve son olarak ekmek kırıntılarına bulanır. Kızgın yağda kızarana kadar pişirilir. Limon dilimleri eşliğinde sıcak olarak servis edilir."
goulash,"Macar Mutfağı",Budapest,"dana eti, paprika, soğanlar, domatesler","Dana eti, paprika, soğan ve domates ile geniş bir tencerede uzun süre pişirilir. Et yumuşadığında yoğun bir sos oluşur. Baharatlarla tatlandırılır. Sıcak olarak pilav veya ekmekle servis edilir."
chicken paprikash,"Macar Mutfağı",Budapest,"tavuk, paprika, krema, soğan","Tavuk parçaları, soğan ve paprika ile kavrulur. Üzerine krema eklenir ve kısık ateşte pişirilir. Sos koyulaştıktan sonra sıcak olarak servis edilir. Yanında erişte önerilir."
dobos torte,"Macar Mutfağı – Tatlı",Budapest,"sünger kek, çikolatalı tereyağı kreması, karamel","İnce katlar halinde sünger kek dilimleri hazırlanır. Aralarına yoğun çikolatalı krema sürülür. Üstüne ince karamel tabakası dökülerek tamamlanır. Dilimlenip soğuk olarak servis edilir."
sacher torte,"Avusturya Mutfağı – Tatlı",Vienna,"çikolatalı kek, kayısı reçeli, çikolata kaplaması","Zengin çikolatalı kek dilimleri hazırlanır, aralarına kayısı reçeli sürülür. Üzerine çikolata kaplaması yapılır. Soğuduktan sonra dilimlenip servis edilir. Geleneksel Avusturya tatlısı olarak sunulur."
moussaka,"Yunan Mutfağı",Athens,"patlıcan, kıyma, patatesler, beşamel","Patlıcan dilimleri kızartılır veya fırında pişirilir. Kıyma ve baharatlarla hazırlanan et sosu, kızarmış patates ile katmanlanır. Üzerine beşamel sos dökülüp fırında pişirilir. Sıcak olarak dilimlenip servis edilir."
souvlaki,"Yunan Mutfağı – Sokak Lezzeti",Athens,"et (kuzu/domuz), pita, tzatziki, sebzeler","Küçük et parçaları marine edilip şişlere dizilir ve ızgarada pişirilir. Taze pita ekmeği ile birlikte servis edilir. Tzatziki sos ve sebzelerle tamamlanır. Sıcak olarak sunulur."
gyro,"Yunan Mutfağı – Sokak Lezzeti",Athens,"et, pita, domatesler, soğanlar, tzatziki","Marine edilmiş et, döner şeklinde pişirilir ve ince dilimler halinde kesilir. Pita ekmeği içine yerleştirilir. Domates, soğan ve tzatziki sos eklenir. Hızlıca rulo yapılarak servis edilir."
spanakopita,"Yunan Mutfağı",Athens,"filo hamuru, ıspanak, feta, soğan, otlar","İnce filo hamur açılır, ıspanak, feta, soğan ve otlarla doldurulur. Rulo şeklinde sarılır ve dilimlenir. Fırında hafifçe kızarana kadar pişirilir. Sıcak olarak servis edilir."
baklava (yunan),"Yunan Mutfağı – Tatlı",Athens,"filo, kuruyemiş, bal şerbeti","İnce filo hamur kat kat dizilir, arasına ceviz veya fındık serpilir. Üzerine bal veya şerbet dökülür. Fırında hafifçe ısıtıldıktan sonra dilimlenir. Tatlı olarak soğuk servis edilir."
dolmades,"Yunan Mutfağı",Athens,"üzüm yaprakları, pirinç, otlar, isteğe bağlı et","Üzüm yaprakları, pirinç ve taze otlar ile doldurulur. İsteğe bağlı olarak kıyma eklenir. Yapraklar sıkıca sarılıp, tencereye dizilir. Limon sosu ile pişirildikten sonra sıcak olarak servis edilir."
pastitsio,"Yunan Mutfağı",Athens,"makarna, kıyma, beşamel, domates sosu","Kat kat makarna, baharatlı kıyma ve beşamel sos fırında pişirilir. Domates sosu ile tatlandırılır. Fırından çıkar çıkmaz dilimlenip sıcak servis edilir. Geleneksel Yunan yemeği olarak sunulur."